a,b,c,Root 1,Root 2
6.0,5.0,-4.0,0.49999999999999994,-1.3333333333333333
6e+154,5e+154,-4e+154,0.5,-1.3333333333333333
0.0,1.0,1.0,-1.0,N/A
1.0,-100000.0,1.0,99999.99999,1.0000000001000001e-05
1.0,-4.0,3.999999,2.00100000000007,1.9989999999999302
1e-155,-1e+155,1e+155,1.0,N/A
